DROP DATABASE IF EXISTS smart;
CREATE DATABASE smart;
use smart;
CREATE TABLE gruppe (
id int(10) NOT NULL,
name varchar(50),
manager varchar(50),
description varchar(100),
PRIMARY KEY (id)
);
CREATE TABLE ou (
id int(10) NOT NULL,
name varchar(50),
description varchar(100),
PRIMARY KEY (id)
);
CREATE TABLE benutzer (
id int(10) NOT NULL,
ou int(10),
login varchar(50),
password varchar(50),
description varchar(50), #Position/Aufgabe
vorname varchar(50),
nachname varchar(50),
email varchar(50),
ophone varchar(50),
mphone varchar(50),
company varchar(50),
abteilung varchar(50),
office varchar(50),
PRIMARY KEY (id),
FOREIGN KEY (ou) REFERENCES ou(id)
);
CREATE TABLE rechner (
id int(10) NOT NULL,
ou int(10),
name varchar(50),
PRIMARY KEY (id),
FOREIGN KEY (ou) REFERENCES ou(id)
);
CREATE TABLE benutzer_gruppe (
benutzer int(10),
gruppe int(10),
PRIMARY KEY (benutzer,gruppe),
FOREIGN KEY (benutzer) REFERENCES benutzer(id),
FOREIGN KEY (gruppe) REFERENCES gruppe(id)
);
CREATE TABLE rechner_gruppe (
rechner int(10),
gruppe int(10),
PRIMARY KEY (rechner,gruppe),
FOREIGN KEY (rechner) REFERENCES rechner(id),
FOREIGN KEY (gruppe) REFERENCES gruppe(id)
);

INSERT INTO gruppe (id,name,manager,description)
VALUES (0,'global','admin','Gruppe für alle'),
(1,'mitarbeiter','admin','Gruppe für Mitarbeiter (inkl. Schulungsleiter)'),
(2,'schulungsleiter','admin','Gruppe für Schulungsleiter'),
(3,'schulungsteilnehmer','admin','Gruppe für Schulungsteilnehmer');

INSERT INTO ou (id,name,description) VALUES
(0,'SmartGmbH','Gesamtes Unternehmen'),
(1,'Geschäftsführung','Geschäftsführung'),
(2,'Verwaltung','Verwaltung'),
(3,'Schulung','Schulungen'),
(4,'Allgemein','Schulungen Allgemein'),
(5,'Technik','Schulungen Technik'),
(6,'Raum1','Schulungen Raum1'),
(7,'Raum2','Schulungen Raum2'),
(8,'Raum3','Schulungen Raum3'),
(9,'Raum4','Schulungen Raum4'),
(10,'Raum5','Schulungen Raum5'),
(11,'Raum6','Schulungen Raum6');

INSERT INTO benutzer 
(id,	ou,	login,							password,	description,								vorname,				nachname,			email,										ophone,			mphone,		company,	abteilung,					office) VALUES 
(0,	'1',	'grace.hopper',				'1234',		'Geschäftsführung',						'Grace',				'Hopper',			'grace.hopper@smart.org',				'04054000755',	'99999999',	'Smart',	'',							'120'),
(1,	'1',	'silke.neuer',					'1234',		'Recht und Corporate Governance',	'Silke',				'Neuer',				'Silke.Neuer@smart.org',				'04054000756',	'99999999',	'Smart',	'',							'121'),
(2,	'1',	'ben.schneidermann',			'1234',		'Datenschutzbeauftragter',				'Ben',				'Schneidermann',	'Ben.Schneidermann@smart.org',		'04054000757',	'99999999',	'Smart',	'',							'122'),
(3,	'5',	'claudia.wigge',				'1234',		'Eine Beschreibung',						'Claudia',			'Wigge',				'Claudia.Wigge@smart.org',				'04054000758',	'99999999',	'Smart',	'Schulungen Technik',	'123'),
(4,	'5',	'gaby.itte',					'1234',		'Eine Beschreibung',						'Gaby',				'Witte',				'Gaby.Witte@smart.org',					'04054000759',	'99999999',	'Smart',	'Schulungen Technik',	'124'),
(5,	'5',	'joschua.bloch',				'1234',		'Eine Beschreibung',						'Joschua',			'Bloch',				'Joschua.Bloch@smart.org',				'04054000759',	'99999999',	'Smart',	'Schulungen Technik',	'125'),
(6,	'5',	'yukihiro.matsumoto',		'1234',		'Eine Beschreibung',						'Yukihiro',			'Matsumoto',		'Yukihiro.Matsumoto@smart.org',		'04054000759',	'99999999',	'Smart',	'Schulungen Technik',	'126'),
(7,	'5',	'lars.stallbohm',				'1234',		'Eine Beschreibung',						'Lars',				'Stallbohm',		'Lars.Stallbohm@smart.org',			'04054000759',	'99999999',	'Smart',	'Schulungen Technik',	'127'),
(8,	'5',	'norbert.witte',				'1234',		'Leitung Integriete Systeme',			'Norbert',			'Witte',				'Norbert.Witte@smart.org',				'04054000759',	'99999999',	'Smart',	'Schulungen Technik',	'128'),
(9,	'5',	'sonja.meier',					'1234',		'Leitung Integriete Systeme',			'Sonja',				'Meier',				'Sonja.Meier@smart.org',				'04054000759',	'99999999',	'Smart',	'Schulungen Technik',	'129'),
(10,	'5',	'karl.koch',					'1234',		'Datensicherheit',						'Karl',				'Koch',				'Karl.Koch@smart.org',					'04054000759',	'99999999',	'Smart',	'Schulungen Technik',	'130'),
(11,	'5',	'bernd.vogel',					'1234',		'Netzwerktechnik',						'Bernd',				'Vogel',				'Bernd.Vogel@smart.org',				'04054000759',	'99999999',	'Smart',	'Schulungen Technik',	'131'),
(12,	'5',	'jean-jacques.rousseau',	'1234',		'Verwaltung Freier Dozenten',			'Jean-Jacques',	'Rousseau',			'Jean-Jacques.Rousseau@smart.org',	'04054000759',	'99999999',	'Smart',	'Schulungen Technik',	'132'),
(13,	'4',	'ben.schneidermann',			'1234',		'Informationsvisualisierung',			'Ben',				'Schneidermann',	'Ben.Schneidermann@smart.org',		'04054000759',	'99999999',	'Smart',	'Schulungen Allgemein',	'133'),
(14,	'4',	'claude.monet',				'1234',		'Grafik',									'Claude',			'Monet',				'Claude.Monet@smart.org',				'04054000759',	'99999999',	'Smart',	'Schulungen Allgemein',	'134'),
(15,	'4',	'ikujiro.nonaka',				'1234',		'Projektmanagment',						'Ikujiro',			'Nonaka',			'Ikujiro.Nonaka@smart.org',			'04054000759',	'99999999',	'Smart',	'Schulungen Allgemein',	'135'),
(16,	'4',	'birgit.fischer',				'1234',		'Verwaltung Freier Dozenten',			'Birgit',			'Fischer',			'Birgit.Fischer@smart.org',			'04054000759',	'99999999',	'Smart',	'Schulungen Allgemein',	'136'),
(17,	'2',	'gaby.dohm',					'1234',		'Sekreteriat',								'Gaby',				'Dohm',				'Gaby.Dohm@smart.org',					'04054000759',	'99999999',	'Smart',	'Verwaltung',				'137'),
(18,	'2',	'norbert.dickel',				'1234',		'EDV',										'Norbert',			'Dickel',			'Norbert.Dickel@smart.org',			'04054000759',	'99999999',	'Smart',	'Verwaltung',				'138'),
(19,	'2',	'elfriede.gleibel',			'1234',		'Buchhaltung',								'Elfriede',			'Gleibel',			'Elfriede.Gleibel@smart.org',			'04054000759',	'99999999',	'Smart',	'Verwaltung',				'138');


INSERT INTO benutzer (id,ou,login,password,description,abteilung,office) VALUES 
(20,'6','s1.p1','changeme1','s1.p1','Schulung','s1'),
(21,'6','s1.p2','changeme1','s1.p2','Schulung','s1'),
(22,'6','s1.p3','changeme1','s1.p3','Schulung','s1'),
(23,'6','s1.p4','changeme1','s1.p4','Schulung','s1'),
(24,'6','s1.p5','changeme1','s1.p5','Schulung','s1'),
(25,'6','s1.p6','changeme1','s1.p6','Schulung','s1'),
(26,'6','s1.p7','changeme1','s1.p7','Schulung','s1'),
(27,'6','s1.p8','changeme1','s1.p8','Schulung','s1'),
(28,'6','s1.p9','changeme1','s1.p9','Schulung','s1'),
(29,'6','s1.p10','changeme1','s1.p10','Schulung','s1'),
(30,'6','s1.p11','changeme1','s1.p11','Schulung','s1'),
(31,'6','s1.p12','changeme1','s1.p12','Schulung','s1');

INSERT INTO benutzer (id,ou,login,password,description,abteilung,office) VALUES 
(32,'7','s2.p1','changeme1','s2.p1','Schulung','s2'),
(33,'7','s2.p2','changeme1','s2.p2','Schulung','s2'),
(34,'7','s2.p3','changeme1','s2.p3','Schulung','s2'),
(35,'7','s2.p4','changeme1','s2.p4','Schulung','s2'),
(36,'7','s2.p5','changeme1','s2.p5','Schulung','s2'),
(37,'7','s2.p6','changeme1','s2.p6','Schulung','s2'),
(38,'7','s2.p7','changeme1','s2.p7','Schulung','s2'),
(39,'7','s2.p8','changeme1','s2.p8','Schulung','s2'),
(40,'7','s2.p9','changeme1','s2.p9','Schulung','s2'),
(41,'7','s2.p10','changeme1','s2.p10','Schulung','s2'),
(42,'7','s2.p11','changeme1','s2.p11','Schulung','s2'),
(43,'7','s2.p12','changeme1','s2.p12','Schulung','s2');

INSERT INTO benutzer (id,ou,login,password,description,abteilung,office) VALUES 
(44,'8','s3.p1','changeme1','s3.p1','Schulung','s3'),
(45,'8','s3.p2','changeme1','s3.p2','Schulung','s3'),
(46,'8','s3.p3','changeme1','s3.p3','Schulung','s3'),
(47,'8','s3.p4','changeme1','s3.p4','Schulung','s3'),
(48,'8','s3.p5','changeme1','s3.p5','Schulung','s3'),
(49,'8','s3.p6','changeme1','s3.p6','Schulung','s3'),
(50,'8','s3.p7','changeme1','s3.p7','Schulung','s3'),
(51,'8','s3.p8','changeme1','s3.p8','Schulung','s3'),
(52,'8','s3.p9','changeme1','s3.p9','Schulung','s3'),
(53,'8','s3.p10','changeme1','s3.p10','Schulung','s3'),
(54,'8','s3.p11','changeme1','s3.p11','Schulung','s3'),
(55,'8','s3.p12','changeme1','s3.p12','Schulung','s3');

INSERT INTO benutzer (id,ou,login,password,description,abteilung,office) VALUES 
(56,'9','s4.p1','changeme1','s4.p1','Schulung','s4'),
(57,'9','s4.p2','changeme1','s4.p2','Schulung','s4'),
(58,'9','s4.p3','changeme1','s4.p3','Schulung','s4'),
(59,'9','s4.p4','changeme1','s4.p4','Schulung','s4'),
(60,'9','s4.p5','changeme1','s4.p5','Schulung','s4'),
(61,'9','s4.p6','changeme1','s4.p6','Schulung','s4'),
(62,'9','s4.p7','changeme1','s4.p7','Schulung','s4'),
(63,'9','s4.p8','changeme1','s4.p8','Schulung','s4'),
(64,'9','s4.p9','changeme1','s4.p9','Schulung','s4'),
(65,'9','s4.p10','changeme1','s4.p10','Schulung','s4'),
(66,'9','s4.p11','changeme1','s4.p11','Schulung','s4'),
(67,'9','s4.p12','changeme1','s4.p12','Schulung','s4');

INSERT INTO benutzer (id,ou,login,password,description,abteilung,office) VALUES 
(68,'10','s5.p1','changeme1','s5.p1','Schulung','s5'),
(69,'10','s5.p2','changeme1','s5.p2','Schulung','s5'),
(70,'10','s5.p3','changeme1','s5.p3','Schulung','s5'),
(71,'10','s5.p4','changeme1','s5.p4','Schulung','s5'),
(72,'10','s5.p5','changeme1','s5.p5','Schulung','s5'),
(73,'10','s5.p6','changeme1','s5.p6','Schulung','s5'),
(74,'10','s5.p7','changeme1','s5.p7','Schulung','s5'),
(75,'10','s5.p8','changeme1','s5.p8','Schulung','s5'),
(76,'10','s5.p9','changeme1','s5.p9','Schulung','s5'),
(77,'10','s5.p10','changeme1','s5.p10','Schulung','s5'),
(78,'10','s5.p11','changeme1','s5.p11','Schulung','s5'),
(79,'10','s5.p12','changeme1','s5.p12','Schulung','s5');

INSERT INTO benutzer (id,ou,login,password,description,abteilung,office) VALUES 
(80,'11','s6.p1','changeme1','s6.p1','Schulung','s6'),
(81,'11','s6.p2','changeme1','s6.p2','Schulung','s6'),
(82,'1','s6.p3','changeme1','s6.p3','Schulung','s6'),
(83,'11','s6.p4','changeme1','s6.p4','Schulung','s6'),
(84,'11','s6.p5','changeme1','s6.p5','Schulung','s6'),
(85,'11','s6.p6','changeme1','s6.p6','Schulung','s6'),
(86,'11','s6.p7','changeme1','s6.p7','Schulung','s6'),
(87,'11','s6.p8','changeme1','s6.p8','Schulung','s6'),
(88,'11','s6.p9','changeme1','s6.p9','Schulung','s6'),
(89,'11','s6.p10','changeme1','s6.p10','Schulung','s6'),
(90,'11','s6.p11','changeme1','s6.p11','Schulung','s6'),
(91,'11','s6.p12','changeme1','s6.p12','Schulung','s6');

INSERT INTO rechner ()
VALUES ();
INSERT INTO benutzer_gruppe (benutzer,gruppe) VALUES 
(1,0),
(2,0),
(3,0),
(4,0),
(5,0),
(6,0),
(7,0),
(8,0),
(9,0),
(10,0),
(11,0),
(12,0),
(13,0),
(14,0),
(15,0),
(16,0),
(17,0),
(18,0),
(19,0),
(20,0),
(21,0),
(22,0),
(23,0),
(24,0),
(25,0),
(26,0),
(27,0),
(28,0),
(29,0),
(30,0),
(31,0),
(32,0),
(33,0),
(34,0),
(35,0),
(36,0),
(37,0),
(38,0),
(39,0),
(40,0),
(41,0),
(42,0),
(43,0),
(44,0),
(45,0),
(46,0),
(47,0),
(48,0),
(49,0),
(50,0),
(51,0),
(52,0),
(53,0),
(54,0),
(55,0),
(56,0),
(57,0),
(58,0),
(59,0),
(60,0),
(61,0),
(62,0),
(63,0),
(64,0),
(65,0),
(66,0),
(67,0),
(68,0),
(69,0),
(70,0),
(71,0),
(72,0),
(73,0),
(74,0),
(75,0),
(76,0),
(77,0),
(78,0),
(79,0),
(80,0),
(81,0),
(82,0),
(83,0),
(84,0),
(85,0),
(86,0),
(87,0),
(88,0),
(89,0),
(90,0),
(91,0),
(1,1),
(2,1),
(3,1),
(4,1),
(5,1),
(6,1),
(7,1),
(8,1),
(9,1),
(10,1),
(11,1),
(12,1),
(13,1),
(14,1),
(15,1),
(16,1),
(17,1),
(18,1),
(19,1),
(3,2),
(4,2),
(5,2),
(6,2),
(7,2),
(8,2),
(9,2),
(10,2),
(11,2),
(12,2),
(20,3),
(21,3),
(22,3),
(23,3),
(24,3),
(25,3),
(26,3),
(27,3),
(28,3),
(29,3),
(30,3),
(31,3),
(32,3),
(33,3),
(34,3),
(35,3),
(36,3),
(37,3),
(38,3),
(39,3),
(40,3),
(41,3),
(42,3),
(43,3),
(44,3),
(45,3),
(46,3),
(47,3),
(48,3),
(49,3),
(50,3),
(51,3),
(52,3),
(53,3),
(54,3),
(55,3),
(56,3),
(57,3),
(58,3),
(59,3),
(60,3),
(61,3),
(62,3),
(63,3),
(64,3),
(65,3),
(66,3),
(67,3),
(68,3),
(69,3),
(70,3),
(71,3),
(72,3),
(73,3),
(74,3),
(75,3),
(76,3),
(77,3),
(78,3),
(79,3),
(80,3),
(81,3),
(82,3),
(83,3),
(84,3),
(85,3),
(86,3),
(87,3),
(88,3),
(89,3),
(90,3),
(91,3);

INSERT INTO rechner_gruppe ()
VALUES ();
